Time,SVID,S4_index,Dlat_IPP,Dlong_IPP,VTEC,Phi60_Sig1_60
2025-11-17 09:31:00,7,,13.922697325279463,41.21018110397052,73.84218732875796,0.031
2025-11-17 09:31:00,9,0.02,8.835575696667584,41.82072646748542,64.16404662864892,0.028
2025-11-17 09:31:00,14,,9.36684781266762,38.14425089547449,64.34525888828854,0.021
2025-11-17 09:31:00,17,0.07,4.414584772452223,39.87572008092822,62.6966440930267,0.031
2025-11-17 09:31:00,20,0.02,10.235793938185939,34.979996179968474,64.75903252763452,0.03
2025-11-17 09:31:00,21,,10.509421171087995,35.97427155732655,68.58782145534988,0.022
2025-11-17 09:31:00,22,0.01,8.389208041443414,37.67069679029018,65.69791204442026,0.026
2025-11-17 09:31:00,30,,13.149550377340155,38.42735121401873,68.4863273728985,0.033
2025-11-17 09:31:00,38,0.02,11.400249250219721,38.66758879373496,,0.047
2025-11-17 09:31:00,45,0.02,8.326880245159199,40.558179518283694,84.80460712796523,0.178
2025-11-17 09:31:00,48,0.06,14.073580438069833,39.32721420584154,81.29501589562574,0.088
2025-11-17 09:31:00,49,0.02,9.914919425047277,36.524982443393235,92.74583029355131,0.101
2025-11-17 09:31:00,50,0.03,5.8294780363617695,33.148544861429855,,0.078
2025-11-17 09:31:00,74,0.03,12.425367250497048,38.61217829600507,72.7927254412858,0.037
2025-11-17 09:31:00,76,,14.491275005930277,36.07714415176133,71.18015304497507,0.045
2025-11-17 09:31:00,89,,9.76363200052972,41.97791354986591,69.75080253410856,0.08
2025-11-17 09:31:00,93,0.01,10.737238185308922,39.67112284990345,72.20422376530914,0.021
2025-11-17 09:31:00,101,,8.148503413013115,37.78562553128253,68.01771463981675,0.022
2025-11-17 09:31:00,121,0.06,8.538268313396813,35.24704480228678,-671.8026528344393,0.071
2025-11-17 09:31:00,123,,8.538742925095061,37.791813976847905,-946.9189250548301,0.085
2025-11-17 09:31:00,127,,8.545458332596123,39.8607338469367,-115.68038999967415,0.325
2025-11-17 09:31:00,128,0.04,8.518371583664623,42.452509173008046,-88.82762331328688,0.208
2025-11-17 09:31:00,129,,8.491646358603331,43.624671286344864,,0.03
2025-11-17 09:31:00,132,0.04,8.510280376146792,44.18499729765708,,0.356
2025-11-17 09:31:00,134,,8.468194743385872,43.79882713431948,,0.072
2025-11-17 09:31:00,136,,8.529610023995538,36.284739621160284,-72.3851704619916,0.323
2025-11-17 09:31:00,201,,8.292764517929866,42.04531583636496,-5.885910417513501,0.023
2025-11-17 09:31:00,142,0.06,8.367685745276596,42.551997802283374,64.00459578457378,0.062
2025-11-17 09:31:00,145,0.02,8.496983870613095,40.114104933732456,59.42062843556053,0.027
2025-11-17 09:31:00,147,0.03,11.136445850446973,44.28634378564813,62.315920025926445,0.056
2025-11-17 09:31:00,150,0.03,9.791251203868715,42.842603750804386,62.33820389743805,0.059
2025-11-17 09:31:00,161,0.01,10.143793587940454,38.468890896398925,,0.02
2025-11-17 09:31:00,162,0.0,7.370020278694332,40.4226093341808,,0.023
2025-11-17 09:31:00,164,0.05,7.308507433686361,32.22069234904478,,0.031
2025-11-17 09:31:00,166,0.01,10.56203939650096,36.671419445049274,,0.023
2025-11-17 09:31:00,175,0.03,3.6290094140015636,43.21307009470606,,0.032
2025-11-17 09:31:00,224,0.02,15.043351413118364,34.94204936981836,,0.039
2025-11-17 09:31:00,227,0.02,13.764540144502101,40.629627137814246,,0.028
2025-11-17 09:31:00,242,0.02,8.292764517929866,42.04531583636496,,0.025
2025-11-17 09:32:00,7,,13.880262417376635,41.2960075961803,70.98268512446356,0.034
2025-11-17 09:32:00,9,,8.78341730576948,41.815205325261225,66.38550364656054,0.027
2025-11-17 09:32:00,14,0.0,9.388943169858287,38.153709400532996,64.36382189950746,0.017
2025-11-17 09:32:00,17,0.04,4.576447573456056,39.83861318884081,63.9964152566313,0.032
2025-11-17 09:32:00,19,0.14,2.102008278647202,38.30086247215709,61.60641272089214,0.063
2025-11-17 09:32:00,20,0.01,10.170019077889602,34.96101029045146,64.44135034041705,0.028
2025-11-17 09:32:00,21,,10.460707489881973,35.9500888610967,63.236052932087254,0.019
2025-11-17 09:32:00,22,0.01,8.441068522711676,37.71030066281928,64.06013315953452,0.026
2025-11-17 09:32:00,30,0.04,13.149550377340155,38.42735121401873,69.15803995103121,0.026
2025-11-17 09:32:00,38,0.02,11.400249250219721,38.66758879373496,,0.048
2025-11-17 09:32:00,45,0.01,8.296534887868475,40.544030748204115,88.88888306051825,0.1
2025-11-17 09:32:00,48,0.07,14.244383314485814,39.439635499337506,80.8636669791165,0.076
2025-11-17 09:32:00,49,0.02,9.95381900979199,36.53945503021417,98.66644287641327,0.094
2025-11-17 09:32:00,50,0.04,5.8294780363617695,33.148544861429855,,0.114
2025-11-17 09:32:00,74,0.05,12.425367250497048,38.61217829600507,71.18709603251965,0.033
2025-11-17 09:32:00,76,0.03,14.491275005930277,36.07714415176133,69.69687895774787,0.045
2025-11-17 09:32:00,89,0.02,9.70862805461003,41.98873826945759,69.75648060175892,0.06
2025-11-17 09:32:00,93,0.02,10.737238185308922,39.67112284990345,72.1774186908609,0.017
2025-11-17 09:32:00,101,0.01,8.20825182282056,37.81438806200791,68.88947809868272,0.02
2025-11-17 09:32:00,121,0.05,8.538268313396813,35.24704480228678,-663.8175369130508,0.075
2025-11-17 09:32:00,123,0.01,8.538742925095061,37.791813976847905,-944.4067646870661,0.084
2025-11-17 09:32:00,127,0.02,8.545458332596123,39.8607338469367,-113.73501126445801,0.376
2025-11-17 09:32:00,128,0.05,8.518371583664623,42.452509173008046,-86.5664598322159,0.207
2025-11-17 09:32:00,129,,8.491646358603331,43.624671286344864,,0.03
2025-11-17 09:32:00,132,0.04,8.510280376146792,44.18499729765708,,0.399
2025-11-17 09:32:00,134,0.07,8.468194743385872,43.79882713431948,,0.068
2025-11-17 09:32:00,136,,8.529610023995538,36.284739621160284,-69.20577984732941,0.44
2025-11-17 09:32:00,201,,8.292764517929866,42.04531583636496,-11.706142347462157,0.021
2025-11-17 09:32:00,142,0.06,8.367685745276596,42.551997802283374,63.6635411001089,0.06
2025-11-17 09:32:00,145,0.02,8.496983870613095,40.114104933732456,61.14608967947214,0.031
2025-11-17 09:32:00,147,0.03,11.136445850446973,44.28634378564813,63.66908969888043,0.056
2025-11-17 09:32:00,150,0.03,9.769436857491199,42.70809991393211,63.814329134535285,0.055
2025-11-17 09:32:00,161,0.01,10.088354375403094,38.48616412352523,,0.019
2025-11-17 09:32:00,162,0.01,7.370020278694332,40.4226093341808,,0.022
2025-11-17 09:32:00,164,0.09,7.380586945212228,32.475436377676104,,0.029
2025-11-17 09:32:00,166,0.01,10.59831812829689,36.69739596217318,,0.024
2025-11-17 09:32:00,175,0.05,3.6290094140015636,43.21307009470606,,0.037
2025-11-17 09:32:00,224,0.11,14.809423816725237,35.09798815356347,,0.036
2025-11-17 09:32:00,227,0.06,13.764540144502101,40.629627137814246,,0.025
2025-11-17 09:32:00,242,0.02,8.292764517929866,42.04531583636496,,0.023
2025-11-17 09:33:00,7,,14.058552847693145,41.39169499979078,72.19577928490862,0.033
2025-11-17 09:33:00,9,0.02,8.73136182507108,41.80876687687431,65.87055279354446,0.028
2025-11-17 09:33:00,14,0.02,9.421441505101921,38.16935023082876,64.2612368375082,0.018
2025-11-17 09:33:00,17,0.05,4.595199802143039,39.91776252355902,59.96727472638304,0.032
2025-11-17 09:33:00,19,0.13,2.102008278647202,38.30086247215709,58.34825454926993,0.057
2025-11-17 09:33:00,20,0.02,10.170019077889602,34.96101029045146,63.87337309660399,0.028
2025-11-17 09:33:00,21,0.01,10.460707489881973,35.9500888610967,63.40757473501433,0.019
2025-11-17 09:33:00,22,0.02,8.47867960142994,37.687302240653025,63.62727559334379,0.025
2025-11-17 09:33:00,30,,13.155176309660497,38.499742359496096,65.5234825864257,0.03
2025-11-17 09:33:00,38,0.02,11.321259592443578,38.67184134366396,,0.05
2025-11-17 09:33:00,45,0.02,8.266437819766164,40.52935144147735,87.20258838423457,0.117
2025-11-17 09:33:00,48,0.07,14.244383314485814,39.439635499337506,84.8339836614625,0.097
2025-11-17 09:33:00,49,0.01,9.992463431884335,36.55461760494154,99.5581062327315,0.094
2025-11-17 09:33:00,50,0.05,5.927033632848262,33.091373382027385,,0.12
2025-11-17 09:33:00,74,0.04,12.319975923091274,38.67532221986933,72.9908498871033,0.036
2025-11-17 09:33:00,76,0.04,14.5371747997808,36.17415694070163,69.51484532061008,0.043
2025-11-17 09:33:00,89,0.03,9.653446260429762,41.99858557239493,69.33772311254383,0.072
2025-11-17 09:33:00,93,0.01,10.79978084129863,39.705194781830805,71.74759918757867,0.017
2025-11-17 09:33:00,101,0.0,8.225200184164265,37.79861501996486,68.33033122707732,0.022
2025-11-17 09:33:00,121,0.06,8.538268313396813,35.24704480228678,-658.1837292622134,0.068
2025-11-17 09:33:00,123,0.03,8.538742925095061,37.791813976847905,-942.018754513441,0.088
2025-11-17 09:33:00,127,0.04,8.545458332596123,39.8607338469367,-111.30352155263812,0.286
2025-11-17 09:33:00,128,0.05,8.518371583664623,42.452509173008046,-95.22283987442236,0.164
2025-11-17 09:33:00,129,,8.491646358603331,43.624671286344864,,0.032
2025-11-17 09:33:00,132,0.09,8.510280376146792,44.18499729765708,,0.378
2025-11-17 09:33:00,134,0.12,8.468194743385872,43.79882713431948,,0.088
2025-11-17 09:33:00,136,0.0,8.529610023995538,36.284739621160284,-71.59502141514575,0.322
2025-11-17 09:33:00,201,0.03,8.292764517929866,42.04531583636496,-12.552276905345447,0.023
2025-11-17 09:33:00,142,0.06,8.367685745276596,42.551997802283374,63.45250534707796,0.061
2025-11-17 09:33:00,145,0.01,8.496983870613095,40.114104933732456,61.2525097983639,0.027
2025-11-17 09:33:00,147,0.04,11.136445850446973,44.28634378564813,64.89328858606117,0.052
2025-11-17 09:33:00,150,0.01,9.769436857491199,42.70809991393211,62.28496216051662,0.049
2025-11-17 09:33:00,161,0.0,10.082969213625397,38.4688713486559,,0.017
2025-11-17 09:33:00,162,0.02,7.280196388806129,40.447483947599885,,0.021
2025-11-17 09:33:00,164,0.04,7.489448425903481,32.445172488736084,,0.03
2025-11-17 09:33:00,166,0.01,10.59831812829689,36.69739596217318,,0.023
2025-11-17 09:33:00,175,0.04,3.6290094140015636,43.21307009470606,,0.032
2025-11-17 09:33:00,224,0.0,14.809423816725237,35.09798815356347,,0.032
2025-11-17 09:33:00,227,0.02,13.764540144502101,40.629627137814246,,0.027
2025-11-17 09:33:00,242,0.02,8.292764517929866,42.04531583636496,,0.022
2025-11-17 09:34:00,7,0.04,14.012972078028051,41.479941498905575,71.08949705631991,0.041
2025-11-17 09:34:00,9,0.01,8.73136182507108,41.80876687687431,64.4083556981196,0.029
2025-11-17 09:34:00,14,0.03,9.442638673499191,38.18072780954474,63.04291710119336,0.019
2025-11-17 09:34:00,17,0.04,4.74934682942136,39.87958265898368,61.906912013020104,0.027
2025-11-17 09:34:00,19,0.13,2.102008278647202,38.30086247215709,55.71773153387737,0.044
2025-11-17 09:34:00,20,0.02,10.103927847717207,34.943198408571256,64.56328895773284,0.029
2025-11-17 09:34:00,21,,10.411585092237713,35.926780607418515,66.31695926617662,0.022
2025-11-17 09:34:00,22,0.03,8.497776618055305,37.67630246152506,65.68752898778804,0.031
2025-11-17 09:34:00,30,,13.155176309660497,38.499742359496096,67.61045449897311,0.031
2025-11-17 09:34:00,38,,11.322956682249151,38.71120712478408,,0.053
2025-11-17 09:34:00,45,0.0,8.203435953926624,40.57916196266881,87.6604564818714,0.12
2025-11-17 09:34:00,48,0.07,14.244383314485814,39.439635499337506,82.79546820429657,0.099
2025-11-17 09:34:00,49,0.01,10.03084084454796,36.57046577890363,96.77396565391246,0.076
2025-11-17 09:34:00,50,0.06,5.927033632848262,33.091373382027385,,0.112
2025-11-17 09:34:00,74,0.05,12.319975923091274,38.67532221986933,71.50816447189935,0.036
2025-11-17 09:34:00,76,,14.5371747997808,36.17415694070163,69.72838477956019,0.045
2025-11-17 09:34:00,89,,9.653446260429762,41.99858557239493,68.98000485057027,0.081
2025-11-17 09:34:00,93,0.01,10.81529261638361,39.67505907193633,72.0661881259116,0.02
2025-11-17 09:34:00,101,0.0,8.242417747548357,37.783141811715254,68.26574330461466,0.022
2025-11-17 09:34:00,121,0.04,8.538268313396813,35.24704480228678,-667.5713799414746,0.064
2025-11-17 09:34:00,123,0.03,8.538742925095061,37.791813976847905,-945.1516658518991,0.072
2025-11-17 09:34:00,127,0.02,8.545458332596123,39.8607338469367,-115.29524053359579,0.303
2025-11-17 09:34:00,128,0.06,8.518371583664623,42.452509173008046,-88.71925234962485,0.275
2025-11-17 09:34:00,129,,8.491646358603331,43.624671286344864,,0.033
2025-11-17 09:34:00,132,0.12,8.510280376146792,44.18499729765708,,0.252
2025-11-17 09:34:00,134,,8.468194743385872,43.79882713431948,,0.067
2025-11-17 09:34:00,136,0.03,8.529610023995538,36.284739621160284,-72.79238305303208,0.261
2025-11-17 09:34:00,201,0.05,8.292764517929866,42.04531583636496,-19.419871099759053,0.028
2025-11-17 09:34:00,142,0.06,8.367685745276596,42.551997802283374,63.08792964989137,0.061
2025-11-17 09:34:00,145,0.01,8.496983870613095,40.114104933732456,59.64165483633571,0.029
2025-11-17 09:34:00,147,0.03,11.230713610817784,44.2503512532085,61.17463092959991,0.052
2025-11-17 09:34:00,150,,9.836805004145768,42.69622095881102,64.1031311229148,0.054
2025-11-17 09:34:00,161,0.0,10.028438335778207,38.48692147237571,,0.02
2025-11-17 09:34:00,162,0.01,7.280196388806129,40.447483947599885,,0.02
2025-11-17 09:34:00,164,0.03,7.489448425903481,32.445172488736084,,0.032
2025-11-17 09:34:00,166,,10.63414393008105,36.72401820940207,,0.025
2025-11-17 09:34:00,175,0.06,3.920682956020313,43.130919196775764,,0.035
2025-11-17 09:34:00,224,0.02,14.809423816725237,35.09798815356347,,0.038
2025-11-17 09:34:00,227,0.07,13.934244234826181,40.69803083604357,,0.027
2025-11-17 09:34:00,242,0.02,8.292764517929866,42.04531583636496,,0.025
2025-11-17 09:35:00,7,0.02,14.012972078028051,41.479941498905575,69.75389555838815,0.033
2025-11-17 09:35:00,9,0.0,8.679425021706427,41.80141344639325,63.75369516765175,0.029
2025-11-17 09:35:00,14,0.04,9.49156147776786,38.145195917995224,64.25279481985869,0.022
2025-11-17 09:35:00,17,,4.74934682942136,39.87958265898368,64.58522475184037,0.022
2025-11-17 09:35:00,19,0.13,2.102008278647202,38.30086247215709,60.26933623310966,0.039
2025-11-17 09:35:00,20,,10.037540481249058,34.92656521052071,64.51451351080652,0.026
2025-11-17 09:35:00,21,,10.321663484310639,35.99872295833416,67.32982403184992,0.021
2025-11-17 09:35:00,22,0.04,8.545458332596123,37.7192661530633,64.1591702812852,0.031
2025-11-17 09:35:00,30,0.09,13.159553902289698,38.57222588853476,70.51973871401881,0.039
2025-11-17 09:35:00,38,0.02,11.245726716152543,38.7139760820334,,0.047
2025-11-17 09:35:00,45,0.01,8.17274790552561,40.56283757012188,87.17118802899375,0.14
2025-11-17 09:35:00,48,0.07,14.434180564272292,39.464156494232384,84.81655096546018,0.099
2025-11-17 09:35:00,49,,10.10223121507384,36.50969348313772,95.2553510955343,0.069
2025-11-17 09:35:00,50,0.03,6.025555145334504,33.03589122336528,,0.08
2025-11-17 09:35:00,74,0.02,12.319975923091274,38.67532221986933,70.52727828529721,0.033
2025-11-17 09:35:00,76,0.03,14.336046871043797,36.273326112708844,71.26352418336005,0.044
2025-11-17 09:35:00,89,,9.59810345923076,42.007452954205036,69.20002997202226,0.079
2025-11-17 09:35:00,93,0.01,10.81529261638361,39.67505907193633,71.54120151516405,0.02
2025-11-17 09:35:00,101,0.0,8.28254010869874,37.82953790881678,67.8230215729221,0.022
2025-11-17 09:35:00,121,0.02,8.538268313396813,35.24704480228678,-672.4802515940287,0.045
2025-11-17 09:35:00,123,0.02,8.538742925095061,37.791813976847905,-942.9677510731841,0.074
2025-11-17 09:35:00,127,0.02,8.545458332596123,39.8607338469367,-117.82862658474225,0.393
2025-11-17 09:35:00,128,0.08,8.518371583664623,42.452509173008046,-84.09919206442571,0.22
2025-11-17 09:35:00,129,0.01,8.491646358603331,43.624671286344864,,0.035
2025-11-17 09:35:00,132,0.16,8.510280376146792,44.18499729765708,,0.327
2025-11-17 09:35:00,134,0.07,8.468194743385872,43.79882713431948,,0.076
2025-11-17 09:35:00,136,0.03,8.529610023995538,36.284739621160284,-61.86733909609801,0.325
2025-11-17 09:35:00,201,0.06,8.292764517929866,42.04531583636496,-14.884561921212027,0.028
2025-11-17 09:35:00,142,0.05,8.367685745276596,42.551997802283374,62.72400731416928,0.057
2025-11-17 09:35:00,145,0.02,8.496983870613095,40.114104933732456,60.00912259729527,0.026
2025-11-17 09:35:00,147,0.04,11.230713610817784,44.2503512532085,60.382893605825394,0.057
2025-11-17 09:35:00,150,0.01,9.836805004145768,42.69622095881102,63.62949586197239,0.053
2025-11-17 09:35:00,161,0.01,10.028438335778207,38.48692147237571,,0.018
2025-11-17 09:35:00,162,0.01,7.251915851249535,40.41499365533235,,0.019
2025-11-17 09:35:00,164,0.04,7.489448425903481,32.445172488736084,,0.033
2025-11-17 09:35:00,166,0.0,10.72296036683896,36.680748769341285,,0.023
2025-11-17 09:35:00,175,0.04,3.920682956020313,43.130919196775764,,0.035
2025-11-17 09:35:00,224,0.05,14.588447785795937,35.24492036809268,,0.036
2025-11-17 09:35:00,227,0.08,13.900625706106508,40.78423308473348,,0.027
2025-11-17 09:35:00,242,0.02,8.292764517929866,42.04531583636496,,0.025
2025-11-17 09:36:00,7,0.05,14.012972078028051,41.479941498905575,69.88845047213509,0.041
2025-11-17 09:36:00,9,0.01,8.610962948398763,41.89415660119098,64.61111007488083,0.033
2025-11-17 09:36:00,14,0.03,9.513548165258898,38.159070126077516,64.3734902473213,0.027
2025-11-17 09:36:00,17,0.04,4.768779097881093,39.95572815483514,63.40755226175284,0.027
2025-11-17 09:36:00,19,0.1,2.3725136776969116,38.43742103636605,59.43824601967146,0.035
2025-11-17 09:36:00,20,,10.037540481249058,34.92656521052071,67.00719556161998,0.027
2025-11-17 09:36:00,21,,10.321663484310639,35.99872295833416,64.60731398223945,0.024
2025-11-17 09:36:00,22,0.03,8.563994490333945,37.70943949458908,63.57209779415606,0.035
2025-11-17 09:36:00,30,0.1,13.159553902289698,38.57222588853476,71.86379399465396,0.048
2025-11-17 09:36:00,38,0.02,11.170217355801126,38.71668191412467,,0.047
2025-11-17 09:36:00,45,0.01,8.14234566435013,40.5459774454208,87.54428702252264,0.144
2025-11-17 09:36:00,48,0.05,14.42173826428297,39.55983976043359,81.65241353288577,0.079
2025-11-17 09:36:00,49,0.01,10.14136543498353,36.52749290903649,95.71049232909463,0.094
2025-11-17 09:36:00,50,0.07,6.240704045702704,33.203210129165804,,0.122
2025-11-17 09:36:00,74,0.04,12.319975923091274,38.67532221986933,71.72889935180766,0.036
2025-11-17 09:36:00,76,0.03,14.336046871043797,36.273326112708844,70.57209747074249,0.046
2025-11-17 09:36:00,89,,9.59810345923076,42.007452954205036,69.83384427349529,0.06
2025-11-17 09:36:00,93,0.02,10.879703090357086,39.70870060883458,71.63670266206347,0.024
2025-11-17 09:36:00,101,0.0,8.299216176428386,37.81507014738965,68.14720030811642,0.025
2025-11-17 09:36:00,121,0.04,8.538268313396813,35.24704480228678,-669.4297046833424,0.054
2025-11-17 09:36:00,123,,8.538742925095061,37.791813976847905,-950.474135159715,0.102
2025-11-17 09:36:00,127,0.02,8.545458332596123,39.8607338469367,-114.41743628930557,0.317
2025-11-17 09:36:00,128,0.09,8.518371583664623,42.452509173008046,-93.99951120486323,0.209
2025-11-17 09:36:00,129,0.04,8.491646358603331,43.624671286344864,,0.041
2025-11-17 09:36:00,132,0.14,8.510280376146792,44.18499729765708,,0.398
2025-11-17 09:36:00,134,0.08,8.468194743385872,43.79882713431948,,0.106
2025-11-17 09:36:00,136,0.02,8.529610023995538,36.284739621160284,-69.88002992595605,0.189
2025-11-17 09:36:00,201,0.01,8.292764517929866,42.04531583636496,-12.964514220912038,0.027
2025-11-17 09:36:00,142,0.05,8.367685745276596,42.551997802283374,63.35254104301067,0.058
2025-11-17 09:36:00,145,0.01,8.496983870613095,40.114104933732456,60.377499931920575,0.032
2025-11-17 09:36:00,147,0.04,11.230713610817784,44.2503512532085,61.63012299046566,0.058
2025-11-17 09:36:00,150,,9.836805004145768,42.69622095881102,61.326781341293014,0.058
2025-11-17 09:36:00,161,0.01,9.969423223310605,38.48950692204327,,0.023
2025-11-17 09:36:00,162,0.02,7.187361442118941,40.471091883288665,,0.027
2025-11-17 09:36:00,164,0.04,7.598812050003871,32.41680244451401,,0.032
2025-11-17 09:36:00,166,,10.72296036683896,36.680748769341285,,0.025
2025-11-17 09:36:00,175,0.05,3.920682956020313,43.130919196775764,,0.034
2025-11-17 09:36:00,224,0.06,14.588447785795937,35.24492036809268,,0.039
2025-11-17 09:36:00,227,0.07,13.900625706106508,40.78423308473348,,0.031
2025-11-17 09:36:00,242,0.02,8.292764517929866,42.04531583636496,,0.028
2025-11-17 09:37:00,7,,13.96587962595527,41.567322928640486,68.63243009050504,0.04
2025-11-17 09:37:00,9,0.03,8.610962948398763,41.89415660119098,64.70696049416361,0.03
2025-11-17 09:37:00,14,0.03,9.53504334842186,38.17371564625877,65.30985316037808,0.024
2025-11-17 09:37:00,17,,4.91570627326004,39.91660211011483,62.370259157207435,0.023
2025-11-17 09:37:00,19,0.02,2.3725136776969116,38.43742103636605,60.45338493306964,0.037
2025-11-17 09:37:00,20,,9.970877288150746,34.91111500988956,67.2331028947524,0.026
2025-11-17 09:37:00,21,,10.273399362574569,35.977872724293036,64.55172269697067,0.024
2025-11-17 09:37:00,22,0.03,8.582697143914894,37.69994046086748,63.36737028670178,0.034
2025-11-17 09:37:00,30,,13.16268175488181,38.64477873555558,70.21412839469953,0.032
2025-11-17 09:37:00,38,0.02,11.170217355801126,38.71668191412467,,0.074
2025-11-17 09:37:00,45,0.01,8.112238416400345,40.528586793524106,85.3107807748974,0.138
2025-11-17 09:37:00,48,0.1,14.62072492324377,39.58931703088159,86.29210806982226,0.08
2025-11-17 09:37:00,49,0.02,10.180187163477054,36.54598722473937,96.59143642401716,0.087
2025-11-17 09:37:00,50,0.07,6.240704045702704,33.203210129165804,,0.088
2025-11-17 09:37:00,74,0.05,12.21694861674673,38.73453848550875,72.31229489033794,0.035
2025-11-17 09:37:00,76,0.08,14.336046871043797,36.273326112708844,69.95641550532507,0.043
2025-11-17 09:37:00,89,0.02,9.542616532320798,42.015338208887734,68.23049992072089,0.081
2025-11-17 09:37:00,93,0.02,10.879703090357086,39.70870060883458,71.24155690982606,0.023
2025-11-17 09:37:00,101,0.01,8.316138997610157,37.80089740558329,68.9042366095015,0.025
2025-11-17 09:37:00,121,0.07,8.538268313396813,35.24704480228678,-670.9262376723358,0.073
2025-11-17 09:37:00,123,,8.538742925095061,37.791813976847905,-946.7214133823364,0.106
2025-11-17 09:37:00,127,0.03,8.545458332596123,39.8607338469367,-103.22566588180547,0.255
2025-11-17 09:37:00,128,0.09,8.518371583664623,42.452509173008046,-87.74324882412876,0.317
2025-11-17 09:37:00,129,0.08,8.491646358603331,43.624671286344864,,0.046
2025-11-17 09:37:00,132,0.1,8.510280376146792,44.18499729765708,,0.299
2025-11-17 09:37:00,134,0.08,8.468194743385872,43.79882713431948,,0.094
2025-11-17 09:37:00,136,0.03,8.529610023995538,36.284739621160284,-73.66162531467619,0.207
2025-11-17 09:37:00,201,,8.292764517929866,42.04531583636496,-6.948644242897883,0.024
2025-11-17 09:37:00,142,0.05,8.303019816407444,42.538022806377384,61.88378447083245,0.062
2025-11-17 09:37:00,145,0.02,8.496983870613095,40.114104933732456,60.377499931920575,0.035
2025-11-17 09:37:00,147,0.03,11.230713610817784,44.2503512532085,64.59440390792005,0.052
2025-11-17 09:37:00,150,0.02,9.836805004145768,42.69622095881102,62.4235871149388,0.057
2025-11-17 09:37:00,161,0.01,9.969423223310605,38.48950692204327,,0.018
2025-11-17 09:37:00,162,0.01,7.158688262551332,40.43697184506515,,0.021
2025-11-17 09:37:00,164,0.0,7.598812050003871,32.41680244451401,,0.032
2025-11-17 09:37:00,166,0.01,10.759053723631999,36.70959449916788,,0.023
2025-11-17 09:37:00,175,0.01,3.9961959524892463,43.22112685845779,,0.034
2025-11-17 09:37:00,224,0.05,14.526553064246647,35.14733958036466,,0.035
2025-11-17 09:37:00,227,0.04,14.077462132944023,40.85937443372109,,0.029
2025-11-17 09:37:00,242,0.02,8.292764517929866,42.04531583636496,,0.025
2025-11-17 09:38:00,7,0.03,13.96587962595527,41.567322928640486,72.18583164537091,0.034
2025-11-17 09:38:00,9,0.05,8.557575122443874,41.88465877064074,63.938715780212895,0.032
2025-11-17 09:38:00,14,0.02,9.556020746456632,38.189114721370615,63.28917810060067,0.019
2025-11-17 09:38:00,17,0.04,4.91570627326004,39.91660211011483,61.59075982327422,0.026
2025-11-17 09:38:00,19,0.08,2.3725136776969116,38.43742103636605,61.10949994636231,0.037
2025-11-17 09:38:00,20,,9.970877288150746,34.91111500988956,64.58190064142842,0.026
2025-11-17 09:38:00,21,,10.273399362574569,35.977872724293036,64.00824473704037,0.022
2025-11-17 09:38:00,22,0.03,8.626814284876312,37.74513682764983,65.64347461913823,0.027
2025-11-17 09:38:00,30,,13.16268175488181,38.64477873555558,70.34015326864562,0.03
2025-11-17 09:38:00,38,0.01,11.09633425319363,38.71932810655207,,0.068
2025-11-17 09:38:00,45,0.02,8.04407011618353,40.57449666890588,87.94763065735272,0.149
2025-11-17 09:38:00,48,0.05,14.62072492324377,39.58931703088159,82.01881154841143,0.08
2025-11-17 09:38:00,49,0.01,10.218684476896689,36.56517102096333,96.30598199181904,0.105
2025-11-17 09:38:00,50,0.04,6.337260953586356,33.15317321792669,,0.104
2025-11-17 09:38:00,74,0.05,12.21694861674673,38.73453848550875,71.4445963578833,0.033
2025-11-17 09:38:00,76,0.03,14.378593596215529,36.367497275343304,70.07566230328206,0.041
2025-11-17 09:38:00,89,,9.542616532320798,42.015338208887734,68.38451750573728,0.057
2025-11-17 09:38:00,93,0.01,10.895262972745607,39.67713687038661,72.01828117817257,0.022
2025-11-17 09:38:00,101,0.01,8.333303450456938,37.7870240079668,68.31346963075191,0.021
2025-11-17 09:38:00,121,0.06,8.538268313396813,35.24704480228678,-651.7735908967967,0.063
2025-11-17 09:38:00,123,,8.538742925095061,37.791813976847905,-940.7772525720525,0.073
2025-11-17 09:38:00,127,0.02,8.545458332596123,39.8607338469367,-115.55699259792088,0.38
2025-11-17 09:38:00,128,0.07,8.518371583664623,42.452509173008046,-88.60024374535796,0.198
2025-11-17 09:38:00,129,0.1,8.491646358603331,43.624671286344864,,0.048
2025-11-17 09:38:00,132,0.05,8.510280376146792,44.18499729765708,,0.272
2025-11-17 09:38:00,134,0.05,8.468194743385872,43.79882713431948,,0.079
2025-11-17 09:38:00,136,0.03,8.529610023995538,36.284739621160284,-78.90840293000544,0.357
2025-11-17 09:38:00,201,0.01,8.292764517929866,42.04531583636496,-3.797474254414278,0.025
2025-11-17 09:38:00,142,0.05,8.303019816407444,42.538022806377384,62.347671110621846,0.055
2025-11-17 09:38:00,145,0.01,8.496983870613095,40.114104933732456,60.91687711570529,0.029
2025-11-17 09:38:00,147,0.02,11.32434943447565,44.21267140066915,62.076402852347606,0.05
2025-11-17 09:38:00,150,0.0,9.903958648005231,42.683148242525334,62.55643602959337,0.057
2025-11-17 09:38:00,161,,9.916292478438653,38.508131034074445,,0.02
2025-11-17 09:38:00,162,0.0,7.158688262551332,40.43697184506515,,0.022
2025-11-17 09:38:00,164,0.03,7.708645271056657,32.39033591408211,,0.03
2025-11-17 09:38:00,166,0.01,10.794644755845287,36.73908326641908,,0.024
2025-11-17 09:38:00,175,0.06,3.9961959524892463,43.22112685845779,,0.03
2025-11-17 09:38:00,224,0.09,14.319970247188166,35.289754802728545,,0.034
2025-11-17 09:38:00,227,0.06,14.077462132944023,40.85937443372109,,0.026
2025-11-17 09:38:00,242,0.02,8.292764517929866,42.04531583636496,,0.024
2025-11-17 09:39:00,7,0.04,13.91729072828541,41.65381187757864,71.52300471617389,0.04
2025-11-17 09:39:00,9,0.05,8.504358798832076,41.87422431910322,65.55087659175861,0.035
2025-11-17 09:39:00,14,0.0,9.5764547064808,38.20524866279256,63.78948011443766,0.02
2025-11-17 09:39:00,17,0.02,4.93575148343149,39.9898563580667,63.48521618115238,0.023
2025-11-17 09:39:00,19,0.08,2.634896551025576,38.451024038503704,63.629218015145696,0.039
2025-11-17 09:39:00,20,,9.878493130017425,35.02542551623097,63.50804107155979,0.026
2025-11-17 09:39:00,21,,10.224783788480988,35.957886797121965,66.92605574937141,0.023
2025-11-17 09:39:00,22,0.02,8.663112315573567,37.728665237058436,63.69093065677284,0.028
2025-11-17 09:39:00,30,,13.304362325156573,38.714835027875075,68.22477569608328,0.034
2025-11-17 09:39:00,38,0.01,11.09633425319363,38.71932810655207,,0.057
2025-11-17 09:39:00,45,0.02,8.013486540435963,40.55537281316449,86.2791518927109,0.119
2025-11-17 09:39:00,48,0.08,14.81491489833203,39.72332844261042,83.15391412728584,0.075
2025-11-17 09:39:00,49,0.01,10.218684476896689,36.56517102096333,94.2427807902093,0.081
2025-11-17 09:39:00,50,0.03,6.337260953586356,33.15317321792669,,0.094
2025-11-17 09:39:00,74,0.04,12.21694861674673,38.73453848550875,69.87279361761453,0.037
2025-11-17 09:39:00,76,0.03,14.186079857369439,36.4579557693864,70.94342382310825,0.042
2025-11-17 09:39:00,89,0.01,9.487002395982891,42.02223942890979,69.76783673705968,0.061
2025-11-17 09:39:00,93,0.01,10.961620458751137,39.710329287188614,70.9103474972777,0.022
2025-11-17 09:39:00,101,0.01,8.38703424955513,37.82191862785545,68.83050980068697,0.023
2025-11-17 09:39:00,121,0.05,8.538268313396813,35.24704480228678,-665.9335114826667,0.059
2025-11-17 09:39:00,123,,8.538742925095061,37.791813976847905,-946.787250606501,0.103
2025-11-17 09:39:00,127,0.04,8.545458332596123,39.8607338469367,-110.52013501726515,0.365
2025-11-17 09:39:00,128,0.05,8.518371583664623,42.452509173008046,-88.1614410704074,0.283
2025-11-17 09:39:00,129,0.08,8.491646358603331,43.624671286344864,,0.046
2025-11-17 09:39:00,132,0.1,8.510280376146792,44.18499729765708,,0.431
2025-11-17 09:39:00,134,,8.468194743385872,43.79882713431948,,0.072
2025-11-17 09:39:00,136,0.03,8.529610023995538,36.284739621160284,-72.3366181915214,0.239
2025-11-17 09:39:00,201,0.04,8.292764517929866,42.04531583636496,-1.2045714102318703,0.025
2025-11-17 09:39:00,142,0.05,8.303019816407444,42.538022806377384,62.30062908517841,0.059
2025-11-17 09:39:00,145,0.01,8.496983870613095,40.114104933732456,62.0874984235146,0.026
2025-11-17 09:39:00,147,0.03,11.32434943447565,44.21267140066915,64.35028063484933,0.048
2025-11-17 09:39:00,150,,9.903958648005231,42.683148242525334,59.84939872518266,0.059
2025-11-17 09:39:00,161,0.0,9.911312190491437,38.49389167823301,,0.017
2025-11-17 09:39:00,162,0.0,7.091409290295792,40.493389487381826,,0.022
2025-11-17 09:39:00,164,,7.708645271056657,32.39033591408211,,0.033
2025-11-17 09:39:00,166,0.03,10.794644755845287,36.73908326641908,,0.024
2025-11-17 09:39:00,175,0.06,4.073247658478315,43.31002576468272,,0.032
2025-11-17 09:39:00,224,0.05,14.319970247188166,35.289754802728545,,0.033
2025-11-17 09:39:00,227,0.1,14.041042696633184,40.948145980651915,,0.033
2025-11-17 09:39:00,242,0.01,8.292764517929866,42.04531583636496,,0.023
2025-11-17 09:40:00,7,,13.91729072828541,41.65381187757864,69.85337195376526,0.039
2025-11-17 09:40:00,9,0.01,8.504358798832076,41.87422431910322,64.37760980534983,0.033
2025-11-17 09:40:00,14,0.0,9.621881768173019,38.17062326040766,64.6410811134849,0.021
2025-11-17 09:40:00,17,,5.075915715423911,39.949896273446676,65.97195124232547,0.027
2025-11-17 09:40:00,19,0.06,2.630027954103544,38.56396026066377,62.993369450272056,0.043
2025-11-17 09:40:00,20,,9.878493130017425,35.02542551623097,65.92090495992906,0.033
2025-11-17 09:40:00,21,0.02,10.141404635533098,36.03216502843992,65.55383444664238,0.026
2025-11-17 09:40:00,22,0.01,8.681468665418054,37.7209112642749,64.98039971862397,0.03
2025-11-17 09:40:00,30,,13.304362325156573,38.714835027875075,68.48945010349705,0.035
2025-11-17 09:40:00,38,0.02,11.023988433074365,38.72191794224502,,0.053
2025-11-17 09:40:00,45,0.01,7.983236970277566,40.53571608483178,85.75292644732335,0.11
2025-11-17 09:40:00,48,0.08,14.81491489833203,39.72332844261042,81.24750072647133,0.091
2025-11-17 09:40:00,49,0.02,10.256845546177509,36.58503867157089,95.97374474989957,0.074
2025-11-17 09:40:00,50,0.05,6.53684559147764,33.31795168448875,,0.113
2025-11-17 09:40:00,74,0.03,12.1161783228829,38.79,72.52541481164123,0.041
2025-11-17 09:40:00,76,0.03,14.186079857369439,36.4579557693864,70.9067746248114,0.044
2025-11-17 09:40:00,89,0.0,9.487002395982891,42.02223942890979,68.52221064625886,0.072
2025-11-17 09:40:00,93,0.02,10.961620458751137,39.710329287188614,71.37278804019402,0.023
2025-11-17 09:40:00,101,0.01,8.403825753571436,37.80929086979709,68.35187745449251,0.024
2025-11-17 09:40:00,121,0.06,8.538268313396813,35.24704480228678,-660.7196527636706,0.064
2025-11-17 09:40:00,123,0.0,8.538742925095061,37.791813976847905,-947.8679216145731,0.079
2025-11-17 09:40:00,127,0.08,8.545458332596123,39.8607338469367,-117.79216826149697,0.27
2025-11-17 09:40:00,128,0.05,8.518371583664623,42.452509173008046,-88.00187646133446,0.279
2025-11-17 09:40:00,129,0.09,8.491646358603331,43.624671286344864,,0.048
2025-11-17 09:40:00,132,0.15,8.510280376146792,44.18499729765708,,0.306
2025-11-17 09:40:00,134,0.08,8.468194743385872,43.79882713431948,,0.104
2025-11-17 09:40:00,136,0.03,8.529610023995538,36.284739621160284,-60.505526219522245,0.372
2025-11-17 09:40:00,201,0.03,8.292764517929866,42.04531583636496,0.5205369493171366,0.026
2025-11-17 09:40:00,142,0.05,8.303019816407444,42.538022806377384,63.37606205573238,0.065
2025-11-17 09:40:00,145,0.01,8.496983870613095,40.114104933732456,62.97069445294959,0.032
2025-11-17 09:40:00,147,0.02,11.32434943447565,44.21267140066915,63.02935365833864,0.053
2025-11-17 09:40:00,150,,9.903958648005231,42.683148242525334,63.999162407098176,0.053
2025-11-17 09:40:00,161,0.01,9.858992195810483,38.513271201195835,,0.022
2025-11-17 09:40:00,162,0.02,7.062366506472524,40.457586146922914,,0.025
2025-11-17 09:40:00,164,,7.870262460312355,32.611108003618995,,0.034
2025-11-17 09:40:00,166,0.01,10.829722455725674,36.76920620772663,,0.026
2025-11-17 09:40:00,175,0.05,4.073247658478315,43.31002576468272,,0.036
2025-11-17 09:40:00,224,0.03,14.319970247188166,35.289754802728545,,0.035
2025-11-17 09:40:00,227,0.13,14.041042696633184,40.948145980651915,,0.031
2025-11-17 09:40:00,242,0.02,8.292764517929866,42.04531583636496,,0.025
2025-11-17 09:41:00,7,0.1,13.867221090725867,41.739381282807834,71.10939233539533,0.048
2025-11-17 09:41:00,9,0.02,8.451330066839537,41.86285677366607,65.04351798141968,0.033
2025-11-17 09:41:00,14,,9.642912685382067,38.18910174727781,64.61296744422935,0.02
2025-11-17 09:41:00,17,,5.075915715423911,39.949896273446676,61.085987473689585,0.026
2025-11-17 09:41:00,19,0.08,2.630027954103544,38.56396026066377,61.08630076132622,0.046
2025-11-17 09:41:00,20,,9.813553797078857,35.01275849347011,68.29718060628677,0.023
2025-11-17 09:41:00,21,0.03,10.141404635533098,36.03216502843992,64.26108774820972,0.028
2025-11-17 09:41:00,22,0.01,8.699955825559156,37.713481736698405,64.57785211944652,0.03
2025-11-17 09:41:00,30,,13.305010006520444,38.79,67.95948289052136,0.034
2025-11-17 09:41:00,38,0.01,11.023988433074365,38.72191794224502,,0.065
2025-11-17 09:41:00,45,0.01,7.910795936717162,40.57858186149085,86.4473820255123,0.188
2025-11-17 09:41:00,48,0.07,14.81491489833203,39.72332844261042,84.72101153219698,0.085
2025-11-17 09:41:00,49,0.02,10.335491386819735,36.529540428649575,96.8061794073711,0.095
2025-11-17 09:41:00,50,0.03,6.53684559147764,33.31795168448875,,0.077
2025-11-17 09:41:00,74,0.03,12.1161783228829,38.79,69.32233273016776,0.033
2025-11-17 09:41:00,76,0.02,14.186079857369439,36.4579557693864,69.92300543052926,0.041
2025-11-17 09:41:00,89,0.02,9.431277996386566,42.0281550051181,68.7095868787212,0.073
2025-11-17 09:41:00,93,0.01,11.029434865079066,39.74426771096831,71.24285996212251,0.022
2025-11-17 09:41:00,101,0.01,8.42083228837246,37.79696011130646,68.20604416151137,0.023
2025-11-17 09:41:00,121,0.07,8.538268313396813,35.24704480228678,-657.995056553705,0.065
2025-11-17 09:41:00,123,0.02,8.538742925095061,37.791813976847905,-953.7754016856796,0.085
2025-11-17 09:41:00,127,0.02,8.545458332596123,39.8607338469367,-111.79056735804302,0.335
2025-11-17 09:41:00,128,0.06,8.518371583664623,42.452509173008046,-86.5664598322159,0.22
2025-11-17 09:41:00,129,0.08,8.491646358603331,43.624671286344864,,0.047
2025-11-17 09:41:00,132,0.19,8.510280376146792,44.18499729765708,,0.301
2025-11-17 09:41:00,134,0.06,8.468194743385872,43.79882713431948,,0.074
2025-11-17 09:41:00,136,0.04,8.529610023995538,36.284739621160284,-69.17523890300137,0.289
2025-11-17 09:41:00,201,0.05,8.292764517929866,42.04531583636496,-2.2456453088661434,0.029
2025-11-17 09:41:00,142,0.05,8.303019816407444,42.538022806377384,63.3995830684541,0.055
2025-11-17 09:41:00,145,0.01,8.496983870613095,40.114104933732456,61.80098271880602,0.032
2025-11-17 09:41:00,147,0.04,11.32434943447565,44.21267140066915,63.74278729075085,0.059
2025-11-17 09:41:00,150,,9.903958648005231,42.683148242525334,62.585316228431324,0.05
2025-11-17 09:41:00,161,0.0,9.854109249290907,38.50004835992882,,0.023
2025-11-17 09:41:00,162,0.01,7.062366506472524,40.457586146922914,,0.024
2025-11-17 09:41:00,164,,7.870262460312355,32.611108003618995,,0.031
2025-11-17 09:41:00,166,0.0,10.864275969468592,36.799954254121936,,0.026
2025-11-17 09:41:00,175,0.08,4.270064733212618,43.13551592248902,,0.035
2025-11-17 09:41:00,224,0.03,14.124333106273369,35.424328989711405,,0.036
2025-11-17 09:41:00,227,0.1,14.22547112198657,41.030618207061046,,0.032
2025-11-17 09:41:00,242,0.01,8.292764517929866,42.04531583636496,,0.024
2025-11-17 09:42:00,7,0.16,14.047386040156729,41.8535996201397,70.10022816723887,0.066
2025-11-17 09:42:00,9,0.01,8.374151024885704,41.953307723063915,65.98340464808531,0.03
2025-11-17 09:42:00,14,0.01,9.663294013513799,38.20831569070626,64.76129128547417,0.019
2025-11-17 09:42:00,17,,5.096510585855625,40.02036516420789,63.305418427446604,0.022
2025-11-17 09:42:00,19,0.1,2.8782753020539062,38.57253960294536,62.413008464404626,0.04
2025-11-17 09:42:00,20,,9.748406566205922,35.001245803663345,64.1424550535816,0.029
2025-11-17 09:42:00,21,0.05,10.093743641350466,36.014507599128954,63.413603976906536,0.029
2025-11-17 09:42:00,22,,8.75655943869229,37.755671829006545,64.83500094995608,0.027
2025-11-17 09:42:00,30,,13.305010006520444,38.79,67.93598376089118,0.03
2025-11-17 09:42:00,38,0.01,10.953943117351223,38.75722217792551,,0.064
2025-11-17 09:42:00,45,0.01,7.880162157504335,40.55711674952429,84.42288039850277,0.11
2025-11-17 09:42:00,48,0.04,15.017290869487601,39.866882509403766,83.71146864771922,0.12
2025-11-17 09:42:00,49,0.01,10.374248133735309,36.551487016693265,96.85943028466102,0.078
2025-11-17 09:42:00,50,0.04,6.631390220465367,33.27306364864948,,0.108
2025-11-17 09:42:00,74,0.03,12.1161783228829,38.79,70.61702450550644,0.032
2025-11-17 09:42:00,76,0.03,14.186079857369439,36.4579557693864,70.92719346386251,0.04
2025-11-17 09:42:00,89,0.01,9.375460304502369,42.03308362657269,68.7755944151568,0.062
2025-11-17 09:42:00,93,0.01,11.029434865079066,39.74426771096831,70.68234372002594,0.019
2025-11-17 09:42:00,101,0.01,8.471386760668183,37.83461839735725,68.38888686679941,0.02
2025-11-17 09:42:00,121,0.08,8.538268313396813,35.24704480228678,-663.3712143767943,0.065
2025-11-17 09:42:00,123,0.01,8.538742925095061,37.791813976847905,-947.4004773230049,0.092
2025-11-17 09:42:00,127,,8.545458332596123,39.8607338469367,-108.77107033029283,0.338
2025-11-17 09:42:00,128,0.04,8.518371583664623,42.452509173008046,-87.098341862459,0.155
2025-11-17 09:42:00,129,0.07,8.491646358603331,43.624671286344864,,0.045
2025-11-17 09:42:00,132,0.2,8.510280376146792,44.18499729765708,,0.332
2025-11-17 09:42:00,134,0.11,8.468194743385872,43.79882713431948,,0.08
2025-11-17 09:42:00,136,0.04,8.529610023995538,36.284739621160284,-66.91990762954642,0.401
2025-11-17 09:42:00,201,0.03,8.292764517929866,42.04531583636496,-10.463840742246225,0.025
2025-11-17 09:42:00,142,0.03,8.303019816407444,42.538022806377384,65.53215488855626,0.054
2025-11-17 09:42:00,145,,8.496983870613095,40.114104933732456,62.05475377154791,0.028
2025-11-17 09:42:00,147,0.03,11.32434943447565,44.21267140066915,65.62054051694908,0.065
2025-11-17 09:42:00,150,,9.970877288150746,42.668884990110435,64.02804260593614,0.05
2025-11-17 09:42:00,161,0.0,9.802574607041885,38.52017355784448,,0.017
2025-11-17 09:42:00,162,0.01,6.9628367369056825,40.476788532529596,,0.02
2025-11-17 09:42:00,164,0.0,7.870262460312355,32.611108003618995,,0.029
2025-11-17 09:42:00,166,0.01,10.864275969468592,36.799954254121936,,0.024
2025-11-17 09:42:00,175,0.05,4.345604868904927,43.219688678370424,,0.03
2025-11-17 09:42:00,224,0.02,14.124333106273369,35.424328989711405,,0.032
2025-11-17 09:42:00,227,0.08,14.186079857369439,41.1220442306136,,0.028
2025-11-17 09:42:00,242,0.0,8.292764517929866,42.04531583636496,,0.022
2025-11-17 09:43:00,7,0.08,14.047386040156729,41.8535996201397,71.11817615494896,0.039
2025-11-17 09:43:00,9,0.02,8.374151024885704,41.953307723063915,64.05782995615218,0.028
2025-11-17 09:43:00,14,,9.673233253382802,38.21819118673858,64.46561303985543,0.019
2025-11-17 09:43:00,17,0.02,5.230333116306694,39.97967022346321,64.45794227721143,0.024
2025-11-17 09:43:00,19,0.02,2.8782753020539062,38.57253960294536,64.43096410213937,0.038
2025-11-17 09:43:00,20,,9.748406566205922,35.001245803663345,65.1251106961777,0.025
2025-11-17 09:43:00,21,0.04,10.045786033359098,35.99770176703384,67.11522311110987,0.028
2025-11-17 09:43:00,22,,8.774436273582838,37.749563003965044,64.48404036877461,0.028
2025-11-17 09:43:00,30,,13.304362325156573,38.86516497212492,67.4356996590273,0.032
2025-11-17 09:43:00,38,0.02,10.884392289077907,38.75846549293071,,0.04
2025-11-17 09:43:00,45,0.01,7.8499027128415335,40.53511873431954,85.20345116527429,0.161
2025-11-17 09:43:00,48,0.09,15.017290869487601,39.866882509403766,80.99046584643695,0.093
2025-11-17 09:43:00,49,0.01,10.412621017953661,36.57412271098474,98.04269610208824,0.079
2025-11-17 09:43:00,50,0.08,6.631390220465367,33.27306364864948,,0.111
2025-11-17 09:43:00,74,0.04,12.1161783228829,38.79,70.10061072393066,0.033
2025-11-17 09:43:00,76,0.02,14.041042696633182,36.631854019348076,72.95344483500611,0.041
2025-11-17 09:43:00,89,0.02,9.375460304502369,42.03308362657269,68.71526494637158,0.068
2025-11-17 09:43:00,93,0.01,11.029434865079066,39.74426771096831,71.73943583289842,0.02
2025-11-17 09:43:00,101,,8.487946648160626,37.82347465077841,68.97295709831624,0.022
2025-11-17 09:43:00,121,0.07,8.538268313396813,35.24704480228678,-667.687018053141,0.087
2025-11-17 09:43:00,123,0.01,8.538742925095061,37.791813976847905,-944.7933232460892,0.066
2025-11-17 09:43:00,127,0.01,8.545458332596123,39.8607338469367,-113.9677836359471,0.254
2025-11-17 09:43:00,128,,8.518371583664623,42.452509173008046,-81.85930386456445,0.237
2025-11-17 09:43:00,129,0.08,8.491646358603331,43.624671286344864,,0.051
2025-11-17 09:43:00,132,0.16,8.510280376146792,44.18499729765708,,0.304
2025-11-17 09:43:00,134,0.11,8.468194743385872,43.79882713431948,,0.092
2025-11-17 09:43:00,136,0.03,8.529610023995538,36.284739621160284,-65.39990832337416,0.285
2025-11-17 09:43:00,201,,8.292764517929866,42.04531583636496,-14.830761457994013,0.024
2025-11-17 09:43:00,142,0.04,8.303019816407444,42.538022806377384,63.37606205573238,0.052
2025-11-17 09:43:00,145,0.0,8.496983870613095,40.114104933732456,60.26289365003716,0.027
2025-11-17 09:43:00,147,0.05,11.417324417168189,44.173313997202925,64.81959099419078,0.052
2025-11-17 09:43:00,150,0.0,9.970877288150746,42.668884990110435,65.14795253865226,0.049
2025-11-17 09:43:00,161,0.01,9.797819229940483,38.50795092177976,,0.019
2025-11-17 09:43:00,162,0.02,6.9628367369056825,40.476788532529596,,0.021
2025-11-17 09:43:00,164,0.02,7.976726503624045,32.58939976995049,,0.032
2025-11-17 09:43:00,166,0.02,10.959243157807151,36.763938643362124,,0.022
2025-11-17 09:43:00,175,0.03,4.345604868904927,43.219688678370424,,0.03
2025-11-17 09:43:00,224,0.03,13.93882722200041,35.551673292931184,,0.032
2025-11-17 09:43:00,227,0.03,14.186079857369439,41.1220442306136,,0.03
2025-11-17 09:43:00,242,0.01,8.292764517929866,42.04531583636496,,0.022
2025-11-17 09:44:00,7,0.03,13.99385828625354,41.94146948698517,68.05409641517004,0.036
2025-11-17 09:44:00,9,,8.31978131627075,41.939627956525435,64.86198628713642,0.027
2025-11-17 09:44:00,14,,9.733264125837662,38.1998609540728,63.42544458133936,0.019
2025-11-17 09:44:00,17,0.05,5.251417847914362,40.0474534967577,65.25567972929025,0.026
2025-11-17 09:44:00,19,0.05,2.8754644541061083,38.68125370270514,64.79830920975897,0.038
2025-11-17 09:44:00,20,,9.683071314072581,34.99089024961912,63.103610325039185,0.026
2025-11-17 09:44:00,21,0.01,10.045786033359098,35.99770176703384,66.11931836409687,0.024
2025-11-17 09:44:00,22,0.01,8.810492094765841,37.7382951182537,64.12361993365296,0.028
2025-11-17 09:44:00,30,,13.304362325156573,38.86516497212492,66.47594573307832,0.029
2025-11-17 09:44:00,38,0.01,10.884392289077907,38.75846549293071,,0.068
2025-11-17 09:44:00,45,0.0,7.773242607350557,40.57467524437886,84.75394428471479,0.137
2025-11-17 09:44:00,48,0.11,15.248692342069049,39.91014785886489,78.68268420160955,0.099
2025-11-17 09:44:00,49,0.03,10.450598224308278,36.59744081841806,95.31045623643396,0.114
2025-11-17 09:44:00,50,0.07,6.726690767010287,33.22981741312396,,0.063
2025-11-17 09:44:00,74,0.03,12.017566475920376,38.84186677404875,70.31369513765686,0.033
2025-11-17 09:44:00,76,0.03,14.041042696633182,36.631854019348076,72.49622429906387,0.04
2025-11-17 09:44:00,89,0.02,9.319566311020811,42.03702428030062,69.32139866804901,0.058
2025-11-17 09:44:00,93,0.01,11.11552799593504,39.74350743610765,71.39525809678648,0.021
2025-11-17 09:44:00,101,,8.504696031545178,37.81262379668719,68.19889944849604,0.022
2025-11-17 09:44:00,121,0.05,8.538268313396813,35.24704480228678,-660.5992809281348,0.058
2025-11-17 09:44:00,123,0.03,8.538742925095061,37.791813976847905,-949.0360620776069,0.069
2025-11-17 09:44:00,127,0.03,8.545458332596123,39.8607338469367,-116.1375212834419,0.385
2025-11-17 09:44:00,128,0.05,8.518371583664623,42.452509173008046,-93.12190585496211,0.206
2025-11-17 09:44:00,129,0.09,8.491646358603331,43.624671286344864,,0.053
2025-11-17 09:44:00,132,0.17,8.510280376146792,44.18499729765708,,0.298
2025-11-17 09:44:00,134,0.13,8.468194743385872,43.79882713431948,,0.107
2025-11-17 09:44:00,136,0.03,8.529610023995538,36.284739621160284,-68.14781021176077,0.25
2025-11-17 09:44:00,201,,8.292764517929866,42.04531583636496,-10.908917301595238,0.023
2025-11-17 09:44:00,142,0.04,8.303019816407444,42.538022806377384,64.13984160772364,0.049
2025-11-17 09:44:00,145,0.0,8.496983870613095,40.114104933732456,59.06043726392689,0.026
2025-11-17 09:44:00,147,0.05,11.417324417168189,44.173313997202925,64.08312686431907,0.052
2025-11-17 09:44:00,150,0.01,9.970877288150746,42.668884990110435,65.32636798925117,0.055
2025-11-17 09:44:00,161,0.01,9.792853960412003,38.49581472175321,,0.02
2025-11-17 09:44:00,162,0.01,6.889685507810016,40.533866622694845,,0.022
2025-11-17 09:44:00,164,0.04,7.976726503624045,32.58939976995049,,0.034
2025-11-17 09:44:00,166,0.01,10.959243157807151,36.763938643362124,,0.022
2025-11-17 09:44:00,175,0.03,4.42258001955455,43.302552048640294,,0.031
2025-11-17 09:44:00,224,0.02,13.93882722200041,35.551673292931184,,0.032
2025-11-17 09:44:00,227,0.07,14.186079857369439,41.1220442306136,,0.031
2025-11-17 09:44:00,242,0.01,8.292764517929866,42.04531583636496,,0.023
2025-11-17 09:45:00,7,,13.99385828625354,41.94146948698517,69.0137004759827,0.038
2025-11-17 09:45:00,9,0.02,8.265655189673652,41.9249967134832,65.50999575773537,0.028
2025-11-17 09:45:00,14,,9.753219486426673,38.222273276763616,64.2430216124527,0.021
2025-11-17 09:45:00,17,0.04,5.251417847914362,40.0474534967577,62.96391739658043,0.027
2025-11-17 09:45:00,19,0.02,3.110569731370308,38.6853167855009,61.51936787401924,0.035
2025-11-17 09:45:00,20,0.0,9.683071314072581,34.99089024961912,66.03916338500213,0.027
2025-11-17 09:45:00,21,0.02,9.997546515295678,35.981752279055414,65.41283451971805,0.023
2025-11-17 09:45:00,22,,8.8286601300134,37.73313957035464,65.05163160518669,0.03
2025-11-17 09:45:00,30,,13.302419488740629,38.94030597242267,66.72948897382514,0.033
2025-11-17 09:45:00,38,0.0,10.81614076286809,38.75968501692118,,0.046
2025-11-17 09:45:00,45,0.0,7.773242607350557,40.57467524437886,85.17281486300212,0.162
2025-11-17 09:45:00,48,0.1,15.248692342069049,39.91014785886489,84.57974555690703,0.068
2025-11-17 09:45:00,49,0.01,10.48816805427688,36.62143442894079,96.43968807543467,0.089
2025-11-17 09:45:00,50,0.06,6.816471692864983,33.43524824062448,,0.117
2025-11-17 09:45:00,74,0.03,12.017566475920376,38.84186677404875,70.35376880109852,0.038
2025-11-17 09:45:00,76,0.04,14.041042696633182,36.631854019348076,71.53199223204756,0.042
2025-11-17 09:45:00,89,0.03,9.319566311020811,42.03702428030062,69.67982668847888,0.08
2025-11-17 09:45:00,93,0.01,11.11552799593504,39.74350743610765,70.77680800766812,0.023
2025-11-17 09:45:00,101,0.0,8.521629834719496,37.802069159908825,68.2280559334832,0.025
2025-11-17 09:45:00,121,0.05,8.538268313396813,35.24704480228678,-658.9607362230599,0.062
2025-11-17 09:45:00,123,0.02,8.538742925095061,37.791813976847905,-946.6847326431591,0.077
2025-11-17 09:45:00,127,0.01,8.545458332596123,39.8607338469367,-114.78014986415606,0.293
2025-11-17 09:45:00,128,0.09,8.518371583664623,42.452509173008046,-90.95382172918367,0.261
2025-11-17 09:45:00,129,0.08,8.491646358603331,43.624671286344864,,0.051
2025-11-17 09:45:00,132,0.15,8.510280376146792,44.18499729765708,,0.307
2025-11-17 09:45:00,134,0.14,8.468194743385872,43.79882713431948,,0.09
2025-11-17 09:45:00,136,0.03,8.529610023995538,36.284739621160284,-69.93484700551919,0.291
2025-11-17 09:45:00,201,0.0,8.292764517929866,42.04531583636496,-11.223335593129079,0.027
2025-11-17 09:45:00,142,0.03,8.303019816407444,42.538022806377384,61.589771811811026,0.045
2025-11-17 09:45:00,145,0.0,8.496983870613095,40.114104933732456,59.49430390248559,0.027
2025-11-17 09:45:00,147,0.06,11.417324417168189,44.173313997202925,63.27808303090129,0.047
2025-11-17 09:45:00,150,0.02,9.94320473874287,42.540756281999876,63.83145499648337,0.061
2025-11-17 09:45:00,161,0.0,9.742447743145243,38.517574583422245,,0.019
2025-11-17 09:45:00,162,0.01,6.859975916496273,40.49452811564241,,0.024
2025-11-17 09:45:00,164,0.04,8.08354655853425,32.56954906711363,,0.038
2025-11-17 09:45:00,166,0.02,10.993867470734493,36.79700048666405,,0.027
2025-11-17 09:45:00,175,0.04,4.42258001955455,43.302552048640294,,0.033
2025-11-17 09:45:00,224,0.03,13.93882722200041,35.551673292931184,,0.031
2025-11-17 09:45:00,227,0.09,14.378593596215529,41.21250272465669,,0.037
2025-11-17 09:45:00,242,,8.292764517929866,42.04531583636496,,0.026
